1  ,Sejal   ,8879844840 ,1  ,sejalagrawal01@gmail.com , password1
2  ,Sejal   ,8879844840 ,2  ,sejalagrawal01@gmail.com , password2
3  ,Sejal   ,8879844840 ,3  ,sejalagrawal01@gmail.com , password3
4  ,Sejal   ,8879844840 ,4  ,sejalagrawal01@gmail.com , password4
5  ,Sejal   ,8879844840 ,5  ,sejalagrawal01@gmail.com , password5
6  ,Atharva ,9326200268 ,6  ,aaathorve@gmail.com      , password6
7  ,Atharva ,9326200268 ,7  ,aaathorve@gmail.com      , password7
8  ,Atharva ,9326200268 ,8  ,aaathorve@gmail.com      , password8
9  ,Atharva ,9326200268 ,9  ,aaathorve@gmail.com      , password9
10 ,Atharva ,9326200268 ,10 ,aaathorve@gmail.com      , password0
